#name,,Base,NaCl,SGX,SGX+NaCl
2838.00064096,0.0,0.0,26180.0004501,
2857.00051773,0.0,0.0,26618.00036,
3243.00043088,0.0,0.0,26795.0002716,
3356.00052332,0.0,0.0,26804.0001939,
3633.00062147,0.0,0.0,26816.0003089,
3670.00058359,0.0,0.0,26831.0004096,
3701.00066175,0.0,0.0,26839.0003407,
3913.00060398,0.0,0.0,26840.0003487,
4104.00093394,0.0,0.0,26874.0004919,
4547.0007476,0.0,0.0,26904.0008286,
4663.00063042,0.0,0.0,27024.0003981,
5005.00059297,0.0,0.0,27124.0007675,
5106.00018335,0.0,0.0,27304.0001798,
5873.00083592,0.0,0.0,27318.000513,
6195.00037004,0.0,0.0,27413.0004482,
6301.00072203,0.0,0.0,27556.0007452,
6627.00036462,0.0,0.0,27634.000722,
7484.00068369,0.0,0.0,27647.00046,
7664.0005244,0.0,0.0,27674.00091,
8605.00064087,0.0,0.0,27715.0008912,
8730.00025024,0.0,0.0,27718.0003209,
8886.000461,0.0,0.0,27722.0007436,
9645.00059269,0.0,0.0,27753.0004947,
9992.00069271,0.0,0.0,27757.000303,
10059.0005313,0.0,0.0,27761.0005838,
11064.0007756,0.0,0.0,27762.0007251,
11182.0003802,0.0,0.0,27772.0004141,
11781.0003798,0.0,0.0,27795.0004701,
12823.0004589,0.0,0.0,27801.0007904,
13141.0005318,0.0,0.0,27823.0004247,
14239.0004366,0.0,0.0,27877.000697,
14261.0004172,0.0,0.0,28074.0003997,
14261.0007696,0.0,0.0,28124.0002942,
14276.0005077,0.0,0.0,28126.0006378,
14279.0003125,0.0,0.0,28134.0007529,
14290.0002691,0.0,0.0,28310.0008484,
14291.0004134,0.0,0.0,28345.0007537,
14301.000331,0.0,0.0,28353.000166,
14312.0005031,0.0,0.0,28356.0005575,
14312.0008345,0.0,0.0,28380.0003843,
14314.0005258,0.0,0.0,28524.0007165,
14319.0007339,0.0,0.0,28584.00061,
14326.0004811,0.0,0.0,28655.0006622,
14344.0009947,0.0,0.0,28660.0003058,
14346.0004043,0.0,0.0,28729.0007904,
14348.0007782,0.0,0.0,28753.0007155,
14355.0005269,0.0,0.0,28769.0003033,
14357.0006971,0.0,0.0,28834.0004748,
14370.0006325,0.0,0.0,28864.0007585,
14373.0005409,0.0,0.0,28888.0002297,
14374.0003175,0.0,0.0,28890.0005947,
14374.0004609,0.0,0.0,28913.0007347,
14381.0004599,0.0,0.0,28929.0004491,
14381.0006084,0.0,0.0,28930.0002492,
14381.0007591,0.0,0.0,28932.0005335,
14385.0002419,0.0,0.0,28942.0001952,
14385.0003822,0.0,0.0,28942.0006611,
14387.0002883,0.0,0.0,28944.0003969,
14388.0006435,0.0,0.0,28945.0002542,
14392.0004469,0.0,0.0,28950.0005279,
14394.0005399,0.0,0.0,28952.0005472,
14395.0007281,0.0,0.0,28962.000434,
14395.000955,0.0,0.0,28965.0007014,
14396.0002892,0.0,0.0,28973.000651,
14396.000809,0.0,0.0,28976.0006398,
14399.0004373,0.0,0.0,28979.0006128,
14401.0006439,0.0,0.0,28997.0005184,
14406.000407,0.0,0.0,28999.0007721,
14407.0004374,0.0,0.0,29002.0005622,
14414.0002988,0.0,0.0,29006.0004105,
14414.0004077,0.0,0.0,29011.0005945,
14414.0008062,0.0,0.0,29024.0007396,
14415.0006078,0.0,0.0,29028.0003075,
14416.0004968,0.0,0.0,29037.0005567,
14416.0008408,0.0,0.0,29048.0007917,
14418.0004641,0.0,0.0,29055.0006189,
14418.0008374,0.0,0.0,29073.000532,
14419.0005658,0.0,0.0,29076.0006346,
14420.0004146,0.0,0.0,29081.0007165,
14424.0006465,0.0,0.0,29084.0007265,
14428.0002321,0.0,0.0,29085.0005857,
14428.0002579,0.0,0.0,29087.0005998,
14428.0006513,0.0,0.0,29109.0006182,
14431.0003443,0.0,0.0,29116.0001696,
14431.00039,0.0,0.0,29118.0006743,
14432.0006867,0.0,0.0,29124.0005614,
14434.0005792,0.0,0.0,29127.0008153,
14434.0006172,0.0,0.0,29133.0006252,
14436.0005891,0.0,0.0,29145.0003601,
14441.0005306,0.0,0.0,29165.0004446,
14442.0005235,0.0,0.0,29168.0003898,
14443.0003818,0.0,0.0,29169.0008307,
14444.0002851,0.0,0.0,29170.0005116,
14444.000522,0.0,0.0,29180.0006267,
14445.0005639,0.0,0.0,29186.0004224,
14450.0006491,0.0,0.0,29190.0003354,
14450.0006843,0.0,0.0,29210.0006118,
14451.0008214,0.0,0.0,29211.0001536,
14458.0007089,0.0,0.0,29238.000643,
14459.0003735,0.0,0.0,29255.0007363,
14459.0005748,0.0,0.0,29275.0004605,
14464.0003452,0.0,0.0,29279.000363,
14466.0005146,0.0,0.0,29294.0006053,
14469.0005123,0.0,0.0,29307.0002303,
14469.00054,0.0,0.0,29335.0007236,
14470.0008186,0.0,0.0,29423.0004343,
14475.0007974,0.0,0.0,29432.0003489,
14478.0001604,0.0,0.0,29461.0005363,
14482.0004918,0.0,0.0,29474.0004937,
14483.0008781,0.0,0.0,29511.0006332,
14484.0003868,0.0,0.0,29566.0004488,
14484.000657,0.0,0.0,29929.0004763,
14486.0003718,0.0,0.0,30072.0006331,
14487.0007832,0.0,0.0,30336.0002664,
14488.0005466,0.0,0.0,30392.00024,
14489.0008057,0.0,0.0,30547.0005262,
14491.000788,0.0,0.0,30954.0005512,
14495.0005225,0.0,0.0,31078.0005273,
14497.000196,0.0,0.0,32817.0004436,
14497.0004507,0.0,0.0,39383.000311,
14498.0005463,0.0,0.0,39440.0008598,
14498.0006076,0.0,0.0,39448.0003145,
14499.0005126,0.0,0.0,39573.0007023,
14501.0002261,0.0,0.0,39782.0005314,
14501.0007572,0.0,0.0,39795.000728,
14508.0006007,0.0,0.0,39831.000621,
14508.0008044,0.0,0.0,39838.0004078,
14509.0005712,0.0,0.0,39853.0002975,
14514.0005532,0.0,0.0,39867.0007855,
14514.0005721,0.0,0.0,39896.0007858,
14515.0007676,0.0,0.0,39984.0005906,
14517.000323,0.0,0.0,40008.0006225,
14517.0003391,0.0,0.0,40045.0004102,
14517.0009027,0.0,0.0,40051.0003458,
14519.0003788,0.0,0.0,40119.000489,
14521.0005236,0.0,0.0,40284.0005449,
14522.0007096,0.0,0.0,40290.0006646,
14524.0006881,0.0,0.0,40333.0002464,
14525.0003972,0.0,0.0,40335.0006054,
14525.0004671,0.0,0.0,40340.0008008,
14525.0005981,0.0,0.0,40477.0004047,
14526.0004172,0.0,0.0,40512.0005437,
14526.0006207,0.0,0.0,40538.0003085,
14528.0005876,0.0,0.0,40548.0003448,
14529.0006163,0.0,0.0,40623.0008701,
14530.0005525,0.0,0.0,40634.0005077,
14531.0004568,0.0,0.0,40634.0005485,
14533.0005043,0.0,0.0,40640.0004857,
14534.0002919,0.0,0.0,40756.0006021,
14535.0006708,0.0,0.0,40927.0006915,
14537.0004038,0.0,0.0,40956.000654,
14539.0005442,0.0,0.0,40957.0005124,
14540.0003425,0.0,0.0,41032.0003462,
14540.0006311,0.0,0.0,41045.0008081,
14541.000744,0.0,0.0,41069.0006166,
14542.0002591,0.0,0.0,41091.0005617,
14545.0007276,0.0,0.0,41094.0007321,
14546.0007495,0.0,0.0,41105.0001461,
14547.0008649,0.0,0.0,41113.0007571,
14548.0004293,0.0,0.0,41144.0002546,
14548.0004723,0.0,0.0,41156.00044,
14552.0009337,0.0,0.0,41225.0006463,
14553.0003887,0.0,0.0,41282.000394,
14553.000474,0.0,0.0,41441.0002135,
14555.0003914,0.0,0.0,41478.0006706,
14556.0005579,0.0,0.0,41494.0003648,
14556.000668,0.0,0.0,41551.0002885,
14562.0006015,0.0,0.0,41556.0003286,
14565.00059,0.0,0.0,41575.0005639,
14567.000641,0.0,0.0,41577.0007387,
14568.0003291,0.0,0.0,41606.0005613,
14568.0004755,0.0,0.0,41618.0001908,
14570.0006574,0.0,0.0,41706.0007024,
14570.0007146,0.0,0.0,41721.0007682,
14573.0002554,0.0,0.0,41734.0007725,
14576.000614,0.0,0.0,41740.0006715,
14576.0007976,0.0,0.0,41760.0002636,
14577.0004775,0.0,0.0,41776.0003752,
14577.0008288,0.0,0.0,41855.0008615,
14578.0002625,0.0,0.0,41858.0004646,
14581.0006391,0.0,0.0,41916.0002771,
14585.0001213,0.0,0.0,41919.000546,
14585.0005991,0.0,0.0,41947.0004343,
14586.0008015,0.0,0.0,41972.0007623,
14587.0008031,0.0,0.0,42006.0005785,
14591.0004398,0.0,0.0,42031.000572,
14592.0005205,0.0,0.0,42043.0003935,
14594.0005762,0.0,0.0,42097.0005065,
14595.0007643,0.0,0.0,42122.00035,
14599.0006119,0.0,0.0,42161.0002735,
14602.000629,0.0,0.0,42184.0006128,
14606.0007581,0.0,0.0,42193.0007106,
14610.0002291,0.0,0.0,42207.0003053,
14613.0002508,0.0,0.0,42246.0006014,
14613.0002679,0.0,0.0,42268.0002548,
14613.0006322,0.0,0.0,42277.0008374,
14613.0006562,0.0,0.0,42316.0005149,
14615.0002543,0.0,0.0,42318.0008942,
14619.0005408,0.0,0.0,42327.0005968,
14620.0004164,0.0,0.0,42336.0003568,
14621.0005196,0.0,0.0,42348.0004942,
14630.0005207,0.0,0.0,42356.0005408,
14633.0003639,0.0,0.0,42367.0004577,
14641.0004033,0.0,0.0,42394.0006561,
14642.0005331,0.0,0.0,42408.0006031,
14642.0007353,0.0,0.0,42410.0004201,
14644.0005897,0.0,0.0,42419.000397,
14645.0006669,0.0,0.0,42426.0002609,
14647.0004516,0.0,0.0,42439.0006116,
14650.0007824,0.0,0.0,42469.0008028,
14653.0004895,0.0,0.0,42470.000699,
14657.0004709,0.0,0.0,42488.0007848,
14659.0005031,0.0,0.0,42498.0005688,
14663.0003194,0.0,0.0,42500.0003823,
14664.000499,0.0,0.0,42511.0005176,
14665.0005661,0.0,0.0,42529.0008198,
14666.0005945,0.0,0.0,42530.0003496,
14668.0002899,0.0,0.0,42532.0007287,
14668.0007487,0.0,0.0,42538.0006476,
14692.0006322,0.0,0.0,42543.000258,
14697.000594,0.0,0.0,42562.0007176,
14698.0006032,0.0,0.0,42574.0006406,
14715.0005419,0.0,0.0,42596.0006527,
14715.0005579,0.0,0.0,42601.000668,
14721.0005413,0.0,0.0,42639.0008903,
14724.0002322,0.0,0.0,42649.0006129,
14724.0003224,0.0,0.0,42730.0004745,
14725.000474,0.0,0.0,42750.00064,
14726.0006724,0.0,0.0,42756.0005644,
14739.0006842,0.0,0.0,42760.0004359,
14740.0007532,0.0,0.0,42797.0005413,
14760.0003166,0.0,0.0,42816.0004841,
14762.0004816,0.0,0.0,42851.000756,
14765.0004376,0.0,0.0,42864.0008003,
14779.0002843,0.0,0.0,42999.0004655,
14780.0002855,0.0,0.0,43003.0002275,
14782.0004362,0.0,0.0,43023.00064,
14788.0005894,0.0,0.0,43028.0002839,
14806.0003282,0.0,0.0,43053.0005558,
14813.00032,0.0,0.0,43055.0002788,
14822.0004832,0.0,0.0,43060.0002168,
14823.0008157,0.0,0.0,43074.0002437,
14833.0004969,0.0,0.0,43109.0004677,
14836.0006945,0.0,0.0,43123.0004095,
14853.0005813,0.0,0.0,43126.0003937,
14858.0008687,0.0,0.0,43135.0004107,
14864.0005347,0.0,0.0,43138.0007766,
14886.0004943,0.0,0.0,43170.0003871,
14907.0009745,0.0,0.0,43214.0007715,
14909.0003519,0.0,0.0,43226.0006092,
14914.0004037,0.0,0.0,43231.0006105,
14983.0007845,0.0,0.0,43232.0001978,
14998.0005352,0.0,0.0,43235.0006178,
15145.0005912,0.0,0.0,43249.0005385,
15157.0009604,0.0,0.0,43274.0001699,
15242.0005783,0.0,0.0,43290.0006501,
15247.0007215,0.0,0.0,43413.0007331,
15256.0008848,0.0,0.0,43426.0008846,
15259.0002187,0.0,0.0,43434.0006334,
15303.0004731,0.0,0.0,43458.0001496,
15312.0006696,0.0,0.0,43462.0001673,
15366.0006694,0.0,0.0,43481.0005953,
15382.0006205,0.0,0.0,43559.0006005,
15454.0004539,0.0,0.0,43572.0001758,
15507.000822,0.0,0.0,43594.0004609,
15538.0002281,0.0,0.0,43618.0006718,
15543.0005243,0.0,0.0,43625.0006321,
15549.0006188,0.0,0.0,43638.0006553,
15562.0003296,0.0,0.0,43702.0004553,
15588.000435,0.0,0.0,43734.0004296,
16103.0007321,0.0,0.0,43735.0009275,
16446.0004576,0.0,0.0,43738.0008174,
16451.0006505,0.0,0.0,43764.0004875,
16455.000471,0.0,0.0,43840.0007724,
16458.0001673,0.0,0.0,43845.000275,
16473.0006467,0.0,0.0,43885.0007195,
16496.000686,0.0,0.0,43888.0006398,
16535.0007261,0.0,0.0,43943.0003462,
16540.0002853,0.0,0.0,43946.0003163,
16557.000623,0.0,0.0,43953.000637,
16561.0007421,0.0,0.0,43975.0006878,
16575.0005621,0.0,0.0,43985.0009125,
16576.0006865,0.0,0.0,44028.0007227,
16580.0005118,0.0,0.0,44064.0003842,
16580.0006392,0.0,0.0,44072.0002583,
16580.0006769,0.0,0.0,44100.0007347,
16580.0008495,0.0,0.0,44112.0002543,
16586.0005485,0.0,0.0,44122.0002318,
16587.0005824,0.0,0.0,44128.0006334,
16595.0007952,0.0,0.0,44131.0008181,
16596.0004919,0.0,0.0,44133.0008215,
16614.0003772,0.0,0.0,44187.0001463,
16615.0003242,0.0,0.0,44199.000587,
16615.0005066,0.0,0.0,44200.0005244,
16618.0001698,0.0,0.0,44217.0002965,
16627.0008415,0.0,0.0,44233.0007797,
16635.0002666,0.0,0.0,44240.0007059,
16641.0004088,0.0,0.0,44261.000377,
16649.0005667,0.0,0.0,44263.0005064,
16649.0007132,0.0,0.0,44264.0004188,
16651.0001799,0.0,0.0,44277.0006146,
16651.0006284,0.0,0.0,44285.0006892,
16651.0008466,0.0,0.0,44287.000833,
16661.0006709,0.0,0.0,44323.0005442,
16662.0004991,0.0,0.0,44330.0006005,
16663.000824,0.0,0.0,44341.0002545,
16664.0002703,0.0,0.0,44342.000789,
16668.0004161,0.0,0.0,44344.000829,
16672.0006572,0.0,0.0,44345.0007859,
16673.0006229,0.0,0.0,44346.0006917,
16674.000518,0.0,0.0,44355.0006492,
16674.0006102,0.0,0.0,44361.0004749,
16676.0003447,0.0,0.0,44380.0008132,
16681.000603,0.0,0.0,44422.0004604,
16683.0002918,0.0,0.0,44427.0005638,
16685.0005371,0.0,0.0,44432.0002932,
16687.000781,0.0,0.0,44436.0005511,
16693.0005072,0.0,0.0,44465.0008097,
16695.0005373,0.0,0.0,44475.0003121,
16702.000664,0.0,0.0,44543.0001344,
16708.0004338,0.0,0.0,44562.0007793,
16710.0006179,0.0,0.0,44601.0004238,
16712.0001951,0.0,0.0,44602.0004657,
16714.0007018,0.0,0.0,44613.0006337,
16716.0006067,0.0,0.0,44672.0003242,
16717.0002508,0.0,0.0,44678.000505,
16717.0003965,0.0,0.0,44712.000391,
16725.0005745,0.0,0.0,44715.0005034,
16726.0003791,0.0,0.0,44721.0006804,
16727.000176,0.0,0.0,44733.0003656,
16727.0002206,0.0,0.0,44735.0001761,
16727.0008287,0.0,0.0,44747.0002985,
16728.0006144,0.0,0.0,44757.0004326,
16735.0003864,0.0,0.0,44768.0006243,
16736.0005007,0.0,0.0,44797.0009106,
16737.0004611,0.0,0.0,44832.0005463,
16738.0007271,0.0,0.0,44847.0007538,
16741.0006444,0.0,0.0,44871.0005505,
16742.000426,0.0,0.0,44905.0005418,
16744.0004189,0.0,0.0,44935.0006006,
16744.0008311,0.0,0.0,44941.0004474,
16745.0004169,0.0,0.0,44951.000292,
16749.0005539,0.0,0.0,44956.0007099,
16751.0006284,0.0,0.0,44967.0003433,
16752.0002436,0.0,0.0,45013.0004685,
16752.0004961,0.0,0.0,45111.0008348,
16754.0006021,0.0,0.0,45153.0004657,
16754.0007125,0.0,0.0,45155.0007376,
16755.0007176,0.0,0.0,45196.0004603,
16758.0006353,0.0,0.0,45208.0003181,
16758.0007366,0.0,0.0,45244.0005883,
16762.0006535,0.0,0.0,45281.0003917,
16766.0007196,0.0,0.0,45291.000849,
16767.000587,0.0,0.0,45448.0001968,
16768.0006542,0.0,0.0,45516.0002705,
16769.0005838,0.0,0.0,45575.0004681,
16773.0005272,0.0,0.0,45606.0004209,
16773.0007203,0.0,0.0,45656.0007968,
16774.0007235,0.0,0.0,45709.0004175,
16775.0004066,0.0,0.0,45774.0006065,
16779.0003849,0.0,0.0,45800.0002961,
16782.0003708,0.0,0.0,45875.00032,
16788.0004865,0.0,0.0,46141.0004739,
16789.0003998,0.0,0.0,46345.0004697,
16794.000482,0.0,0.0,47677.0001813,
16794.0005041,0.0,0.0,47970.0001929,
16796.0005129,0.0,0.0,48666.0004865,
16796.0005477,0.0,0.0,49045.0006092,
16797.0003396,0.0,0.0,49185.0007399,
16798.0004153,0.0,0.0,49293.0007473,
16798.0005483,0.0,0.0,49683.0008735,
16799.000304,0.0,0.0,49822.00052,
16802.0008026,0.0,0.0,50412.0004708,
16803.0008981,0.0,0.0,50643.0004177,
16804.0004629,0.0,0.0,50936.0005887,
16806.0004918,0.0,0.0,50968.0004988,
16811.0002445,0.0,0.0,51812.0007898,
16811.000853,0.0,0.0,52506.0003815,
16813.0007967,0.0,0.0,52615.0005994,
16816.0003663,0.0,0.0,52972.0008612,
16817.0008999,0.0,0.0,53084.0004603,
16820.0006991,0.0,0.0,53100.000531,
16825.0002512,0.0,0.0,53110.0005016,
16825.0005473,0.0,0.0,53374.0005957,
16829.0004238,0.0,0.0,53688.000807,
16831.0002221,0.0,0.0,53702.0005487,
16832.0009392,0.0,0.0,53859.0004601,
16833.0007462,0.0,0.0,54037.0005403,
16834.0003226,0.0,0.0,54211.0006673,
16835.0005177,0.0,0.0,54335.0009469,
16835.0008226,0.0,0.0,54435.0005762,
16836.0007332,0.0,0.0,54460.0008948,
16838.000512,0.0,0.0,54468.0007432,
16842.0002103,0.0,0.0,54478.0002998,
16842.0004413,0.0,0.0,54497.0005703,
16845.0005166,0.0,0.0,54512.0002694,
16848.0004236,0.0,0.0,54512.0002723,
16848.0004257,0.0,0.0,54525.0004961,
16848.0005687,0.0,0.0,54529.0006858,
16849.0005688,0.0,0.0,54538.0004755,
16851.0006549,0.0,0.0,54554.0003519,
16852.0002075,0.0,0.0,54622.0006453,
16857.0006728,0.0,0.0,54624.0004376,
16859.0004172,0.0,0.0,54659.0005498,
16864.0006168,0.0,0.0,54665.0005474,
16864.0008257,0.0,0.0,54714.0008049,
16866.0002772,0.0,0.0,54719.0007375,
16869.000581,0.0,0.0,54753.0003307,
16871.0005751,0.0,0.0,54759.0003675,
16872.0005961,0.0,0.0,54773.0001548,
16875.0007485,0.0,0.0,54789.0006016,
16877.0006949,0.0,0.0,54870.0005025,
16878.0003773,0.0,0.0,54875.0006336,
16880.0004729,0.0,0.0,54876.0009448,
16881.0007776,0.0,0.0,54877.0005973,
16882.0005915,0.0,0.0,54887.0006935,
16882.0008176,0.0,0.0,54891.000982,
16889.0004199,0.0,0.0,54895.0002761,
16893.0004803,0.0,0.0,54903.0001957,
16894.0003808,0.0,0.0,54945.0006962,
16899.0005777,0.0,0.0,54952.0006111,
16901.0005531,0.0,0.0,54958.0006627,
16909.0007273,0.0,0.0,54978.0005076,
16911.000824,0.0,0.0,54983.0007054,
16913.000318,0.0,0.0,55014.0005548,
16915.0005554,0.0,0.0,55016.0006071,
16917.000892,0.0,0.0,55027.0004866,
16921.00048,0.0,0.0,55030.0006317,
16930.0004718,0.0,0.0,55034.0008014,
16932.000528,0.0,0.0,55079.0006037,
16933.00055,0.0,0.0,55083.0005359,
16934.0004451,0.0,0.0,55095.0002781,
16934.0005193,0.0,0.0,55099.0002441,
16935.0006889,0.0,0.0,55127.0002989,
16941.0004646,0.0,0.0,55139.0006628,
16942.0006245,0.0,0.0,55147.0003278,
16945.0007549,0.0,0.0,55180.000834,
16950.0007024,0.0,0.0,55191.0005389,
16952.0007684,0.0,0.0,55194.0006523,
16961.0001594,0.0,0.0,55204.0008357,
16962.0006401,0.0,0.0,55208.0006436,
16965.0002657,0.0,0.0,55233.000858,
16965.0004524,0.0,0.0,55236.0004101,
16966.00033,0.0,0.0,55286.0005184,
16971.0004383,0.0,0.0,55299.0005064,
16973.0006462,0.0,0.0,55309.0004202,
16974.0004214,0.0,0.0,55317.0007259,
16974.0006274,0.0,0.0,55360.0006238,
16975.0005037,0.0,0.0,55386.0004936,
16978.0005498,0.0,0.0,55400.0005214,
16984.0005705,0.0,0.0,55405.0005831,
16988.0006883,0.0,0.0,55410.0004246,
16993.0003108,0.0,0.0,55412.0006972,
17003.0003494,0.0,0.0,55428.0003062,
17006.0007609,0.0,0.0,55443.000178,
17010.0005664,0.0,0.0,55443.0007834,
17015.000639,0.0,0.0,55498.0005284,
17016.0008195,0.0,0.0,55514.0004416,
17025.000514,0.0,0.0,55543.0004749,
17030.000337,0.0,0.0,55543.0006463,
17031.0005228,0.0,0.0,55546.0003978,
17040.0002284,0.0,0.0,55557.0001291,
17049.0008397,0.0,0.0,55563.0003532,
17050.0006661,0.0,0.0,55565.0009532,
17051.0006825,0.0,0.0,55589.0005137,
17056.0003499,0.0,0.0,55589.0006224,
17058.0002612,0.0,0.0,55592.000551,
17058.0005244,0.0,0.0,55603.0005622,
17060.0005808,0.0,0.0,55622.0004158,
17062.0005762,0.0,0.0,55633.0007465,
17089.0008389,0.0,0.0,55648.0008752,
17092.000608,0.0,0.0,55652.0009228,
17103.0007577,0.0,0.0,55653.0008977,
17108.0006052,0.0,0.0,55671.0003558,
17109.0007627,0.0,0.0,55679.0003297,
17124.0004916,0.0,0.0,55706.0008498,
17142.0004867,0.0,0.0,55712.0005403,
17152.0005559,0.0,0.0,55733.0007478,
17161.0003508,0.0,0.0,55793.0003941,
17166.0004782,0.0,0.0,55808.0003121,
17169.0005315,0.0,0.0,55809.0004579,
17180.0006524,0.0,0.0,55811.0005858,
17181.0004697,0.0,0.0,55822.0007218,
17182.0005728,0.0,0.0,55826.0003328,
17193.0004999,0.0,0.0,55873.0007563,
17194.0006164,0.0,0.0,55885.0001347,
17198.000165,0.0,0.0,55901.0004145,
17212.0004526,0.0,0.0,55914.0003878,
17223.0004382,0.0,0.0,55985.000771,
17230.000789,0.0,0.0,56119.0006479,
17268.0007562,0.0,0.0,56125.0004459,
17275.0003318,0.0,0.0,56132.0006586,
17290.0004176,0.0,0.0,56155.0006938,
17330.0004361,0.0,0.0,56188.0006506,
17389.0004386,0.0,0.0,56246.0005052,
17416.0005915,0.0,0.0,56311.000538,
17453.0003672,0.0,0.0,56319.0003746,
17506.0008599,0.0,0.0,56325.0005812,
17558.0004391,0.0,0.0,56327.0002126,
17561.0005847,0.0,0.0,56330.000476,
17566.0002673,0.0,0.0,56345.0005512,
17590.0006109,0.0,0.0,56378.0007588,
17624.0006085,0.0,0.0,56416.0002508,
17669.0006857,0.0,0.0,56441.0003247,
17690.0005356,0.0,0.0,56453.0004748,
17693.0005478,0.0,0.0,56486.0002977,
17724.0005029,0.0,0.0,56531.0004951,
17740.0005224,0.0,0.0,56593.0007765,
17745.0004274,0.0,0.0,56605.0006502,
17779.0005405,0.0,0.0,56607.0005724,
17808.0005335,0.0,0.0,56664.0006591,
17911.0005277,0.0,0.0,56676.0003662,
17999.0004123,0.0,0.0,56692.000511,
18199.0001931,0.0,0.0,56703.0009064,
18527.0005594,0.0,0.0,56709.0007777,
18627.0007509,0.0,0.0,56720.0006248,
18633.0005572,0.0,0.0,56737.0008038,
18654.0004213,0.0,0.0,56748.0003507,
18661.0003003,0.0,0.0,56763.0006796,
18665.0004898,0.0,0.0,56778.0005764,
18681.0003734,0.0,0.0,56798.0005029,
18693.0004059,0.0,0.0,56803.0007094,
18705.0002475,0.0,0.0,56805.0006908,
18705.0007057,0.0,0.0,56808.0005409,
18708.0005647,0.0,0.0,56818.0008709,
18717.0006771,0.0,0.0,56822.0003445,
18717.0007233,0.0,0.0,56893.0007172,
18722.0001236,0.0,0.0,56919.0004666,
18723.0005307,0.0,0.0,56919.000589,
18724.0007716,0.0,0.0,56936.0007336,
18730.0005562,0.0,0.0,56941.0004794,
18743.0003659,0.0,0.0,56956.0005736,
18757.0005409,0.0,0.0,56976.000849,
18761.0008569,0.0,0.0,56977.0003574,
18767.0002848,0.0,0.0,56984.0004782,
18770.0005386,0.0,0.0,56985.0009293,
18773.0007254,0.0,0.0,56997.000719,
18775.000569,0.0,0.0,56999.000548,
18776.0003969,0.0,0.0,57003.0007959,
18791.000717,0.0,0.0,57017.0005303,
18792.0006015,0.0,0.0,57030.0005968,
18792.000664,0.0,0.0,57036.0003915,
18793.0006039,0.0,0.0,57087.0007385,
18798.0007342,0.0,0.0,57090.0004023,
18808.0007466,0.0,0.0,57105.0002537,
18810.0006029,0.0,0.0,57132.0005744,
18812.000464,0.0,0.0,57140.0006674,
18814.0004564,0.0,0.0,57157.0007974,
18814.0005443,0.0,0.0,57176.0005999,
18814.0008248,0.0,0.0,57187.0007691,
18817.0002672,0.0,0.0,57209.000424,
18820.0004773,0.0,0.0,57212.0006959,
18826.0001534,0.0,0.0,57224.0006582,
18833.0002847,0.0,0.0,57248.0009268,
18833.0006141,0.0,0.0,57250.0006332,
18835.0005699,0.0,0.0,57262.0004559,
18846.0006492,0.0,0.0,57279.0006137,
18849.000617,0.0,0.0,57287.0004249,
18852.000472,0.0,0.0,57297.0003796,
18853.000327,0.0,0.0,57305.000431,
18855.0003518,0.0,0.0,57311.0005031,
18857.0004989,0.0,0.0,57353.000823,
18860.0006556,0.0,0.0,57360.0004877,
18861.0005134,0.0,0.0,57394.0005579,
18861.000735,0.0,0.0,57398.0007533,
18863.0002129,0.0,0.0,57417.0007296,
18863.0004907,0.0,0.0,57435.0004766,
18868.0004511,0.0,0.0,57468.0003801,
18872.0005316,0.0,0.0,57491.0003072,
18876.0006031,0.0,0.0,57499.0005791,
18880.0004721,0.0,0.0,57539.0007242,
18880.0006586,0.0,0.0,57554.0007395,
18881.0007469,0.0,0.0,57556.0004332,
18883.0007724,0.0,0.0,57566.0002433,
18885.0002677,0.0,0.0,57576.0007932,
18888.0002753,0.0,0.0,57583.0008383,
18890.0008551,0.0,0.0,57587.0003877,
18894.0004014,0.0,0.0,57617.0005754,
18898.0004091,0.0,0.0,57619.0006674,
18899.0002995,0.0,0.0,57624.0002568,
18901.0002813,0.0,0.0,57650.0005448,
18902.0002825,0.0,0.0,57655.0006631,
18903.0008358,0.0,0.0,57668.0004676,
18904.0003964,0.0,0.0,57669.0008664,
18904.0006686,0.0,0.0,57673.0003969,
18905.0005145,0.0,0.0,57674.0006169,
18909.0008593,0.0,0.0,57682.0005549,
18912.0004809,0.0,0.0,57689.0007366,
18917.0008335,0.0,0.0,57711.0005373,
18918.0002978,0.0,0.0,57715.0002558,
18919.0003845,0.0,0.0,57732.0007702,
18921.0007754,0.0,0.0,57743.0003995,
18922.0006158,0.0,0.0,57744.0007055,
18923.0009495,0.0,0.0,57765.0004095,
18925.0007445,0.0,0.0,57771.0002721,
18927.0005562,0.0,0.0,57774.0005462,
18933.0007753,0.0,0.0,57774.0006294,
18935.0008648,0.0,0.0,57787.0001939,
18937.0006166,0.0,0.0,57807.0006118,
18943.0003793,0.0,0.0,57815.0008134,
18944.000291,0.0,0.0,57840.0004996,
18946.0005246,0.0,0.0,57851.0001654,
18946.0008036,0.0,0.0,57852.0008161,
18947.0004114,0.0,0.0,57882.0002418,
18947.0004428,0.0,0.0,57909.000456,
18950.000873,0.0,0.0,57921.0005256,
18954.0006729,0.0,0.0,57938.0005869,
18956.0007199,0.0,0.0,57945.0006915,
18957.0002143,0.0,0.0,57956.0007033,
18958.0006719,0.0,0.0,57993.000714,
18960.0003409,0.0,0.0,58023.0001547,
18962.0006123,0.0,0.0,58035.0005747,
18962.0007625,0.0,0.0,58043.0005945,
18965.000585,0.0,0.0,58048.0008217,
18966.0005105,0.0,0.0,58051.0005766,
18968.0005903,0.0,0.0,58069.0004779,
18969.0002346,0.0,0.0,58070.000402,
18973.0009099,0.0,0.0,58101.0008444,
18976.0005107,0.0,0.0,58106.000907,
18977.0008483,0.0,0.0,58165.0006445,
18979.0007913,0.0,0.0,58211.0004268,
18983.0003933,0.0,0.0,58249.0002219,
18983.0008283,0.0,0.0,58312.0005978,
18984.0005841,0.0,0.0,58316.0004433,
18985.0004623,0.0,0.0,58317.0006387,
18987.0003456,0.0,0.0,58325.0006539,
18987.000517,0.0,0.0,58370.0005425,
18989.0007385,0.0,0.0,58382.0003191,
18990.0001921,0.0,0.0,58390.0005055,
18990.0006623,0.0,0.0,58411.0008849,
18994.0006153,0.0,0.0,58440.0005965,
18995.0005315,0.0,0.0,58443.0004006,
18996.0003541,0.0,0.0,58458.0004812,
18996.0004954,0.0,0.0,58517.0004729,
18997.0004295,0.0,0.0,58542.0002674,
19002.0004899,0.0,0.0,58567.0005655,
19004.0006722,0.0,0.0,58572.0007152,
19004.0006756,0.0,0.0,58574.0006265,
19007.0005562,0.0,0.0,58576.0005862,
19008.000571,0.0,0.0,58585.0003172,
19009.0002841,0.0,0.0,58630.0008764,
19010.0005143,0.0,0.0,58651.000581,
19012.000561,0.0,0.0,58677.0006442,
19014.0002197,0.0,0.0,58681.0005359,
19020.0005405,0.0,0.0,58693.000664,
19022.0002729,0.0,0.0,58753.0004057,
19022.0004019,0.0,0.0,58790.0005472,
19022.0006302,0.0,0.0,58807.0004672,
19023.0005695,0.0,0.0,58819.0004889,
19023.0006764,0.0,0.0,58835.000808,
19026.0007485,0.0,0.0,58880.000523,
19027.0008533,0.0,0.0,58885.00053,
19034.0005301,0.0,0.0,58938.0001824,
19036.0007551,0.0,0.0,58995.0004251,
19038.0005429,0.0,0.0,59050.0004633,
19044.0004176,0.0,0.0,59065.0004588,
19046.0004848,0.0,0.0,59095.0005482,
19059.0002754,0.0,0.0,59101.0003683,
19060.0007014,0.0,0.0,59119.0004372,
19063.000275,0.0,0.0,59137.0004652,
19065.0006448,0.0,0.0,59159.0003685,
19066.0003919,0.0,0.0,59205.0007861,
19068.0004552,0.0,0.0,59231.0005194,
19070.0006422,0.0,0.0,59238.0005776,
19071.0007232,0.0,0.0,59263.0004728,
19073.0005605,0.0,0.0,59265.0003173,
19075.0005388,0.0,0.0,59273.000814,
19076.0007482,0.0,0.0,59275.0005124,
19078.0005926,0.0,0.0,59285.0002041,
19082.0003681,0.0,0.0,59295.0005415,
19093.0003691,0.0,0.0,59387.0002883,
19093.0006113,0.0,0.0,59465.0005356,
19097.000728,0.0,0.0,59508.000524,
19098.0004381,0.0,0.0,59544.0006636,
19105.0006201,0.0,0.0,59573.0006985,
19106.0005196,0.0,0.0,59597.0006603,
19113.0002603,0.0,0.0,59708.0004945,
19116.0006084,0.0,0.0,59724.0004424,
19118.0003415,0.0,0.0,59852.0003942,
19119.0002926,0.0,0.0,59871.0003602,
19127.0005933,0.0,0.0,59893.0005121,
19132.0005822,0.0,0.0,59986.0006085,
19140.0004724,0.0,0.0,59995.0007521,
19140.0006751,0.0,0.0,59996.0007064,
19142.0003196,0.0,0.0,60050.0005328,
19143.0003878,0.0,0.0,60130.0004296,
19144.0003713,0.0,0.0,60132.0003381,
19144.0005477,0.0,0.0,60144.0006691,
19152.0003274,0.0,0.0,60177.0006356,
19157.0008253,0.0,0.0,60177.0007871,
19158.0006402,0.0,0.0,60361.0007469,
19159.0003699,0.0,0.0,60382.0005609,
19166.000811,0.0,0.0,60547.0002549,
19173.0005883,0.0,0.0,60606.0003595,
19174.0007375,0.0,0.0,60801.0005089,
19175.0008662,0.0,0.0,60809.0002611,
19185.0006393,0.0,0.0,60855.0005752,
19188.0002862,0.0,0.0,61007.0005238,
19192.0007578,0.0,0.0,61037.0005532,
19192.0008571,0.0,0.0,61078.0002963,
19193.0007693,0.0,0.0,61316.0008896,
19209.0005757,0.0,0.0,61351.0007448,
19229.0001862,0.0,0.0,61431.000795,
19232.0004711,0.0,0.0,61443.0004616,
19232.0007881,0.0,0.0,61547.0009376,
19234.0003475,0.0,0.0,61552.0003405,
19235.0007199,0.0,0.0,61618.0007327,
19236.0005551,0.0,0.0,61813.0004019,
19237.0006696,0.0,0.0,61918.0004119,
19242.000385,0.0,0.0,61958.0008184,
19244.0007319,0.0,0.0,62129.000489,
19251.0006366,0.0,0.0,62192.0004539,
19254.0005905,0.0,0.0,62234.0005396,
19255.0005417,0.0,0.0,62235.000563,
19262.0008493,0.0,0.0,62304.0005844,
19273.0003871,0.0,0.0,62348.0006557,
19286.0006814,0.0,0.0,62624.0003718,
19290.000453,0.0,0.0,62719.0005763,
19292.0002697,0.0,0.0,63179.0005588,
19293.0005502,0.0,0.0,63216.0006746,
19301.0006762,0.0,0.0,63220.00038,
19309.000385,0.0,0.0,63411.0006836,
19309.0007102,0.0,0.0,63662.0004156,
19314.000723,0.0,0.0,63765.0004643,
19316.0007036,0.0,0.0,63847.0007431,
19330.0005512,0.0,0.0,64079.0008552,
19339.0007206,0.0,0.0,64093.0002928,
19341.0003928,0.0,0.0,64181.0004876,
19344.0005826,0.0,0.0,64601.0005768,
19348.0003369,0.0,0.0,64605.0006876,
19388.0006502,0.0,0.0,64681.00051,
19394.0008807,0.0,0.0,64771.0004221,
19441.0002165,0.0,0.0,64882.0004313,
19444.0006934,0.0,0.0,64992.0005693,
19466.0004074,0.0,0.0,65105.0007232,
19508.0009175,0.0,0.0,65280.0001874,
19531.0005535,0.0,0.0,65696.0005226,
19555.0003997,0.0,0.0,65881.0007836,
19560.0007774,0.0,0.0,65971.0006506,
19567.0008087,0.0,0.0,66179.000605,
19569.0004725,0.0,0.0,66749.0003295,
19595.0003533,0.0,0.0,66897.0006226,
19624.0007185,0.0,0.0,67052.0004503,
19660.000386,0.0,0.0,67088.0006945,
19666.0003829,0.0,0.0,67097.0008285,
19669.00057,0.0,0.0,67175.0004931,
19709.0001301,0.0,0.0,67311.0007811,
19754.0001138,0.0,0.0,67325.0004391,
19937.0002379,0.0,0.0,67500.0001863,
19949.000678,0.0,0.0,67514.0006021,
20007.0009491,0.0,0.0,67556.0002846,
20085.0004344,0.0,0.0,67628.0008574,
20095.0008898,0.0,0.0,67716.0008573,
20124.0003628,0.0,0.0,67812.0006338,
20225.0005097,0.0,0.0,67918.0005113,
22629.0005748,0.0,0.0,67918.0007011,
28248.0004266,0.0,0.0,67919.0007539,
29840.0007728,0.0,0.0,67921.0006598,
30222.0003428,0.0,0.0,68081.0004298,
30228.0005674,0.0,0.0,68115.0007101,
30231.0006391,0.0,0.0,68126.00042,
30234.0002468,0.0,0.0,68178.0006168,
30245.0006336,0.0,0.0,68255.0002036,
30249.0003099,0.0,0.0,68338.0005919,
30255.0006841,0.0,0.0,68366.0002972,
30255.0007877,0.0,0.0,68418.0002738,
30274.0005179,0.0,0.0,68506.0006448,
30281.0006878,0.0,0.0,68536.0004034,
30281.0007493,0.0,0.0,68544.0004265,
30293.0006003,0.0,0.0,68599.0002791,
30297.0005633,0.0,0.0,68736.0008436,
30302.0005145,0.0,0.0,68749.0002882,
30304.0008251,0.0,0.0,68798.0004751,
30310.0006995,0.0,0.0,68919.0009144,
30319.0005096,0.0,0.0,68922.000449,
30322.0004304,0.0,0.0,68949.0004855,
30327.0005623,0.0,0.0,68972.0006762,
30337.0007455,0.0,0.0,69014.0005522,
30356.0007305,0.0,0.0,69045.0005138,
30358.000336,0.0,0.0,69085.0002544,
30365.0004388,0.0,0.0,69086.0005274,
30365.0006329,0.0,0.0,69166.0005601,
30367.0002626,0.0,0.0,69189.0005282,
30367.0008018,0.0,0.0,69217.0003272,
30374.0005603,0.0,0.0,69246.0009005,
30378.0005899,0.0,0.0,69261.0002824,
30385.0005911,0.0,0.0,69288.0007633,
30387.0005113,0.0,0.0,69293.0002725,
30389.0008061,0.0,0.0,69364.0006336,
30391.000316,0.0,0.0,69371.0004866,
30397.0006136,0.0,0.0,69391.0005988,
30400.0007937,0.0,0.0,69412.0005307,
30412.0002976,0.0,0.0,69429.0005721,
30414.0003861,0.0,0.0,69471.0002484,
30427.0007439,0.0,0.0,69490.0002757,
30435.000543,0.0,0.0,69490.0004504,
30456.0003281,0.0,0.0,69507.0003751,
30460.0008166,0.0,0.0,69556.0006242,
30466.000322,0.0,0.0,69564.0007539,
30469.0006114,0.0,0.0,69599.0009556,
30477.0003821,0.0,0.0,69640.0005116,
30483.0005605,0.0,0.0,69684.0004311,
30486.000445,0.0,0.0,69691.0009293,
30488.0006534,0.0,0.0,69692.0006119,
30491.0006122,0.0,0.0,69694.0004775,
30509.0007217,0.0,0.0,69719.0003574,
30532.0003388,0.0,0.0,69735.0007507,
30536.0004476,0.0,0.0,69736.000358,
30540.0005693,0.0,0.0,69745.0007096,
30543.0007583,0.0,0.0,69838.00069,
30549.0004237,0.0,0.0,69839.0005158,
30558.0004964,0.0,0.0,69850.000372,
30560.0002402,0.0,0.0,69858.0002498,
30563.0008588,0.0,0.0,69864.0005548,
30565.0004535,0.0,0.0,69867.0004949,
30565.0005196,0.0,0.0,69874.0006603,
30570.0009453,0.0,0.0,69889.0006751,
30574.0002964,0.0,0.0,69905.0006915,
30581.0007342,0.0,0.0,69923.0006441,
30603.0003868,0.0,0.0,69941.0008558,
30610.000334,0.0,0.0,69942.0004497,
30613.0006254,0.0,0.0,69988.0002164,
30615.0005219,0.0,0.0,70002.0003906,
30617.0005245,0.0,0.0,70003.000656,
30618.0003297,0.0,0.0,70028.0001282,
30624.0003485,0.0,0.0,70042.0004484,
30625.000564,0.0,0.0,70072.0005354,
30654.000484,0.0,0.0,70121.0006023,
30655.0005698,0.0,0.0,70148.0004,
30656.0002639,0.0,0.0,70166.0006102,
30657.0005935,0.0,0.0,70181.0006099,
30666.000517,0.0,0.0,70199.0005744,
30669.0004293,0.0,0.0,70203.0007271,
30672.0009587,0.0,0.0,70213.0008615,
30673.0006528,0.0,0.0,70272.0003736,
30674.0007033,0.0,0.0,70300.0006179,
30682.0003719,0.0,0.0,70307.0004802,
30683.0008618,0.0,0.0,70311.0003235,
30686.0005577,0.0,0.0,70312.0005511,
30689.0009591,0.0,0.0,70315.0006346,
30690.000283,0.0,0.0,70325.0007719,
30691.0006448,0.0,0.0,70329.0006995,
30694.0006814,0.0,0.0,70330.0004018,
30698.0005424,0.0,0.0,70330.0006496,
30699.0004354,0.0,0.0,70386.0003591,
30724.000604,0.0,0.0,70392.0004569,
30724.000684,0.0,0.0,70399.0008248,
30730.000329,0.0,0.0,70411.0005164,
30736.0008131,0.0,0.0,70431.0007735,
30742.0004066,0.0,0.0,70465.0004195,
30747.0004335,0.0,0.0,70503.0008008,
30747.0004947,0.0,0.0,70518.0005634,
30749.0006467,0.0,0.0,70530.0004528,
30756.0003886,0.0,0.0,70538.0006005,
30757.0008113,0.0,0.0,70588.0003414,
30758.0002992,0.0,0.0,70600.0007545,
30765.0004719,0.0,0.0,70606.0006403,
30765.0005348,0.0,0.0,70608.0004711,
30767.0003733,0.0,0.0,70648.0007395,
30768.0006775,0.0,0.0,70666.0007884,
30780.0005363,0.0,0.0,70677.0002423,
30781.0002715,0.0,0.0,70679.0003232,
30782.0004628,0.0,0.0,70688.0008089,
30786.0007619,0.0,0.0,70692.0006286,
30819.0004443,0.0,0.0,70710.0005592,
30825.0004281,0.0,0.0,70712.0007306,
30825.0005537,0.0,0.0,70713.0003156,
30825.0007047,0.0,0.0,70721.0008152,
30826.0009229,0.0,0.0,70733.0005677,
30830.0004939,0.0,0.0,70756.0003057,
30830.0005055,0.0,0.0,70756.0004126,
30834.0007431,0.0,0.0,70764.0005122,
30845.000789,0.0,0.0,70787.0005047,
30848.0006128,0.0,0.0,70817.000711,
30850.0004669,0.0,0.0,70828.0005912,
30863.0006707,0.0,0.0,70852.0005778,
30868.0004311,0.0,0.0,70854.0006989,
30879.0007298,0.0,0.0,70863.0007474,
30882.0006287,0.0,0.0,70885.0005313,
30883.0005619,0.0,0.0,70918.0005657,
30888.0004262,0.0,0.0,70937.0008338,
30889.0008498,0.0,0.0,70972.0005577,
30905.0007202,0.0,0.0,70977.0003213,
30909.000372,0.0,0.0,70978.0006569,
30911.0003293,0.0,0.0,71022.0003073,
30932.0008061,0.0,0.0,71022.0005745,
30936.0005528,0.0,0.0,71047.0007475,
30939.0006834,0.0,0.0,71055.0006993,
30943.0002829,0.0,0.0,71085.0005695,
30961.0006856,0.0,0.0,71108.0003275,
30990.0004523,0.0,0.0,71119.0004759,
31005.0006175,0.0,0.0,71129.0006747,
31012.0002954,0.0,0.0,71165.000338,
31043.0005278,0.0,0.0,71166.0007518,
31054.0006404,0.0,0.0,71181.0001991,
31054.0006983,0.0,0.0,71195.0004052,
31084.0007808,0.0,0.0,71211.0001292,
31085.0006061,0.0,0.0,71249.0002745,
31085.0007944,0.0,0.0,71288.0006466,
31092.0006049,0.0,0.0,71312.0004327,
31100.000597,0.0,0.0,71323.0005329,
31105.0006296,0.0,0.0,71323.0006075,
31147.0004005,0.0,0.0,71331.0003921,
31176.0006691,0.0,0.0,71394.0006608,
31205.000731,0.0,0.0,71415.0005744,
31250.0007645,0.0,0.0,71422.0004101,
31255.0002953,0.0,0.0,71448.0005583,
31263.0008367,0.0,0.0,71450.000392,
31276.0006722,0.0,0.0,71487.0005733,
31341.000678,0.0,0.0,71508.0002052,
31349.0003714,0.0,0.0,71575.0007643,
31372.0007563,0.0,0.0,71612.0006777,
31386.0006637,0.0,0.0,71615.0004499,
31393.0008036,0.0,0.0,71640.0002957,
31427.0005884,0.0,0.0,71689.0008234,
31436.0005395,0.0,0.0,71717.0004745,
31437.000436,0.0,0.0,71718.0004645,
31440.0006365,0.0,0.0,71737.0006457,
31492.0001911,0.0,0.0,71746.0007808,
31541.0008927,0.0,0.0,71771.0008956,
31588.0003157,0.0,0.0,71847.0003696,
31601.0008206,0.0,0.0,71856.0005683,
31622.0005746,0.0,0.0,71894.0007704,
31651.0003798,0.0,0.0,71897.0003509,
31656.0005152,0.0,0.0,71981.0005923,
31698.0005775,0.0,0.0,71992.0005425,
31707.0007336,0.0,0.0,71997.0007238,
31716.0006455,0.0,0.0,72031.0007068,
31722.0005807,0.0,0.0,72043.0004091,
31768.0008744,0.0,0.0,72046.0007528,
31776.0003934,0.0,0.0,72086.0005948,
31780.0004106,0.0,0.0,72129.0006289,
31797.0008688,0.0,0.0,72166.000427,
31806.0004416,0.0,0.0,72166.0005801,
31809.0008342,0.0,0.0,72169.0006267,
31821.000396,0.0,0.0,72201.000736,
31860.0003927,0.0,0.0,72208.0001183,
31865.0009467,0.0,0.0,72218.0005718,
31866.0007422,0.0,0.0,72248.0006041,
31889.0007973,0.0,0.0,72258.0005173,
31901.0008443,0.0,0.0,72274.0005008,
31904.0006808,0.0,0.0,72281.0004565,
31908.0006864,0.0,0.0,72305.000876,
31909.00017,0.0,0.0,72335.0004388,
31910.0005637,0.0,0.0,72431.000579,
31929.0005656,0.0,0.0,72445.0006671,
31931.0004863,0.0,0.0,72458.0003094,
31934.0006039,0.0,0.0,72509.0005678,
31957.0004,0.0,0.0,72516.0004928,
31960.0005906,0.0,0.0,72604.0001818,
31979.0004869,0.0,0.0,72776.0008907,
31987.0003201,0.0,0.0,72788.0005113,
31990.0004127,0.0,0.0,72805.0004444,
32002.0004788,0.0,0.0,72828.000428,
32010.0005449,0.0,0.0,72886.0003603,
32010.0006212,0.0,0.0,72911.0003325,
32032.0005518,0.0,0.0,72995.0003733,
32047.0006571,0.0,0.0,73116.0007817,
32053.0004773,0.0,0.0,73228.000958,
32063.0002411,0.0,0.0,73248.0006629,
32069.0007488,0.0,0.0,73309.0005831,
32084.00063,0.0,0.0,73360.0001342,
32089.000459,0.0,0.0,73405.0007579,
32094.000543,0.0,0.0,73434.0006762,
32097.0004664,0.0,0.0,73586.0005442,
32103.0007438,0.0,0.0,73598.0006818,
32113.0004402,0.0,0.0,73721.0005025,
32115.0003482,0.0,0.0,73727.0006238,
32116.0006151,0.0,0.0,73817.0003994,
32120.0005795,0.0,0.0,74003.0006065,
32127.0005966,0.0,0.0,74118.0006579,
32132.0006364,0.0,0.0,74222.000499,
32142.0006414,0.0,0.0,74350.0005831,
32152.0008202,0.0,0.0,74467.0005116,
32157.0003646,0.0,0.0,74800.0002491,
32171.0004236,0.0,0.0,74923.0005756,
32199.0004644,0.0,0.0,75218.0004491,
32216.0008172,0.0,0.0,75220.0004951,
32267.0006004,0.0,0.0,75426.0001918,
32275.000587,0.0,0.0,76058.0007135,
32291.0004496,0.0,0.0,77395.0009381,
32332.0006568,0.0,0.0,77789.0006693,
32341.0004475,0.0,0.0,78261.0005224,
32373.0003151,0.0,0.0,79105.0006756,
32395.0006961,0.0,0.0,81763.0004244,
32478.0006633,0.0,0.0,82148.0006911,
32653.0004122,0.0,0.0,84305.0004187,
32657.0005033,0.0,0.0,84481.0004901,
32676.0009351,0.0,0.0,84522.0006305,
32680.0004539,0.0,0.0,85892.0005322,
32752.0006089,0.0,0.0,85940.0003791,
32769.0005594,0.0,0.0,86012.0004266,
32824.0003806,0.0,0.0,86308.0009425,
32906.0001799,0.0,0.0,86443.0005958,
33353.0005454,0.0,0.0,86893.0007567,
33528.0004317,0.0,0.0,87009.0006308,
33588.0005249,0.0,0.0,87440.0008903,
40036.0006771,0.0,0.0,87780.0009117,
46343.0006488,0.0,0.0,87917.0005883,
57130.0006196,0.0,0.0,92901.0006361,
